{
	"format_version": "1.8.0",
	"animations": {
		"animation.giratinashadow.ground_idle": {
			"loop": true,
			"animation_length": 3,
			"bones": {
				"bone": {
					"rotation": {
						"0.0": [10, 0, 0],
						"0.3333": [9.92445, 0, 0],
						"0.875": [6.30238, 0, 0],
						"1.2083": [3.82347, 0, 0],
						"1.3333": [3.41365, 0, 0],
						"1.375": [3.45048, 0, 0],
						"1.4167": [3.64116, 0, 0],
						"1.4583": [4.07966, 0, 0],
						"1.5": [5, 0, 0],
						"1.5417": [5.96802, 0, 0],
						"1.5833": [6.59356, 0, 0],
						"2.125": [9.48932, 0, 0],
						"2.6667": [10.06783, 0, 0],
						"3.0": [10, 0, 0]
					},
					"position": {
						"0.0": [0, -5, 0],
						"1.5833": [0, -5, 0],
						"1.625": [10, -5, 0],
						"1.6667": [0, -5, 0]
					}
				},
				"bone2": {
					"rotation": {
						"0.0": [10, 0, 0],
						"0.3333": [9.92445, 0, 0],
						"0.875": [6.30238, 0, 0],
						"1.2083": [3.82347, 0, 0],
						"1.3333": [3.41365, 0, 0],
						"1.375": [3.45048, 0, 0],
						"1.4167": [3.64116, 0, 0],
						"1.4583": [4.07966, 0, 0],
						"1.5": [5, 0, 0],
						"1.5417": [5.96802, 0, 0],
						"1.5833": [6.59356, 0, 0],
						"2.125": [9.48932, 0, 0],
						"2.6667": [10.06783, 0, 0],
						"3.0": [10, 0, 0]
					},
					"position": {
						"0.0": [0, -2, 0],
						"0.5833": [0, -1.61, 0],
						"0.625": [-10, -1.58, 0],
						"0.6667": [0, -1.55, 0],
						"1.5": [0, -1, 0],
						"1.5833": [0, -1.05, 0],
						"1.625": [-10, -1.08, 0],
						"1.6667": [0, -1.11, 0],
						"3.0": [0, -2, 0]
					}
				},
				"bone3": {
					"rotation": {
						"0.0": [10, 0, 0],
						"0.5417": [9.37056, 0, 0],
						"1.0833": [5.65019, 0, 0],
						"1.4167": [2.80672, 0, 0],
						"1.4583": [2.52381, 0, 0],
						"1.5": [2.5, 0, 0],
						"1.5417": [2.96182, 0, 0],
						"2.0833": [5.94479, 0, 0],
						"2.625": [8.40701, 0, 0],
						"3.0": [10, 0, 0]
					},
					"position": {
						"0.0": [0, -1, 0],
						"0.5833": [0, -0.61, 0],
						"0.625": [10, -0.58, 0],
						"0.6667": [0, -0.55, 0],
						"1.5": [0, 0, 0],
						"2.2917": [0, -0.53, 0],
						"2.3333": [10, -0.56, 0],
						"2.375": [0, -0.59, 0],
						"3.0": [0, -1, 0]
					}
				},
				"bone4": {
					"position": {
						"2.2917": [0, 0, 0],
						"2.3333": [-10, 0, 0],
						"2.375": [0, 0, 0]
					}
				},
				"head": {
					"rotation": {
						"0.0": [7.5, 0, 0],
						"0.5": [9.54, 0, 0],
						"0.5417": [9.2879, -2.9131, 17.2634],
						"0.5833": [9.92, 0, 0],
						"1.125": [12.51767, 0, 0],
						"1.4167": [14.20658, 0, 0],
						"1.4583": [14.52223, 0, 0],
						"1.5": [15, 0, 0],
						"1.5417": [15.50635, 0, 0],
						"1.625": [14.87542, 0, 0],
						"1.6667": [14.64, 0, 0],
						"1.7083": [13.3913, 5.4797, -21.8562],
						"1.75": [14.2, 0, 0],
						"2.2917": [11.12676, 0, 0],
						"2.8333": [8.18677, 0, 0],
						"3.0": [7.5, 0, 0]
					}
				},
				"bone20": {
					"rotation": {
						"0.0": [0, 0, 10],
						"0.0417": [-0.61363, 0, 10.11996],
						"0.4167": [-8.88703, 0, 11.9737],
						"0.6667": [-13.34313, 0, 13.30371],
						"0.875": [-15.79771, 0, 14.41918],
						"1.0417": [-16.51001, 0, 15.30634],
						"1.0833": [-16.4457, 0, 15.5263],
						"1.125": [-16.25679, 0, 15.74515],
						"1.1667": [-15.92512, 0, 15.96262],
						"1.2083": [-15.42551, 0, 16.17836],
						"1.25": [-14.72391, 0, 16.39191],
						"1.2917": [-13.77439, 0, 16.60261],
						"1.3333": [-12.51006, 0, 16.80944],
						"1.375": [-10.82496, 0, 17.01079],
						"1.4167": [-8.53848, 0, 17.20352],
						"1.4583": [-5.28033, 0, 17.38004],
						"1.5": [0, 0, 17.5],
						"1.5417": [6.32052, 0, 17.41881],
						"1.5833": [11.12194, 0, 17.27133],
						"1.625": [14.76845, 0, 17.09714],
						"1.6667": [17.49974, 0, 16.90728],
						"1.7083": [19.48296, 0, 16.70682],
						"1.75": [20.84023, 0, 16.49849],
						"1.7917": [21.66489, 0, 16.28404],
						"1.8333": [22.03183, 0, 16.06463],
						"1.875": [22.00041, 0, 15.84107],
						"1.9167": [21.62356, 0, 15.61397],
						"1.9583": [20.94779, 0, 15.38382],
						"2.0": [20.01914, 0, 15.15097],
						"2.0417": [18.88856, 0, 14.91576],
						"2.125": [16.34895, 0, 14.43953],
						"2.1667": [15.42, 0, 14.2],
						"2.2083": [14.3265, -3.7932, 28.4829],
						"2.25": [14.03, 0, 13.73],
						"2.75": [3.81212, 0, 11.00027],
						"2.9167": [0.89859, 0, 10.23535],
						"2.9583": [0.32702, 0, 10.0856],
						"3.0": [0, 0, 10]
					},
					"position": [0, -5, 0]
				},
				"bone25": {
					"rotation": {
						"0.0": [0, 0, -10],
						"0.0417": [-0.36192, 0, -10.09312],
						"0.5833": [-10.73844, 0, -12.82481],
						"0.7917": [-14.80132, 0, -13.97917],
						"0.8333": [-15.42, 0, -14.2],
						"0.875": [-16.1244, 2.8036, -4.8172],
						"0.9167": [-17.85, 0, -14.66],
						"1.0": [-21.18897, 0, -15.12949],
						"1.0417": [-22.55122, 0, -15.36573],
						"1.0833": [-23.5572, 0, -15.60019],
						"1.125": [-24.14862, 0, -15.83194],
						"1.1667": [-24.27385, 0, -16.06019],
						"1.2083": [-23.8814, 0, -16.28407],
						"1.25": [-22.91243, 0, -16.50253],
						"1.2917": [-21.30123, 0, -16.71417],
						"1.3333": [-18.96678, 0, -16.91696],
						"1.375": [-15.81117, 0, -17.10774],
						"1.4167": [-11.71222, 0, -17.28092],
						"1.4583": [-6.51172, 0, -17.42455],
						"1.5": [0, 0, -17.5],
						"1.5417": [5.28033, 0, -17.38004],
						"1.5833": [8.53848, 0, -17.20352],
						"1.625": [10.82496, 0, -17.01079],
						"1.6667": [12.51006, 0, -16.80944],
						"1.7083": [13.77439, 0, -16.60261],
						"1.75": [14.72391, 0, -16.39191],
						"1.7917": [15.42551, 0, -16.17836],
						"1.8333": [15.92512, 0, -15.96262],
						"1.875": [16.25679, 0, -15.74515],
						"1.9167": [16.4457, 0, -15.5263],
						"1.9583": [16.51001, 0, -15.30634],
						"2.125": [15.79771, 0, -14.41918],
						"2.375": [12.69752, 0, -13.08082],
						"2.9167": [1.49977, 0, -10.29648],
						"2.9583": [0.61363, 0, -10.11996],
						"3.0": [0, 0, -10]
					},
					"position": [0, -5, 0]
				}
			}
		},
		"animation.giratinashadow.cry": {
			"animation_length": 3,
			"bones": {
				"bone": {
					"rotation": {
						"0.0": [10, 0, 0],
						"0.375": [10.63245, 0, 0],
						"0.9167": [7.96395, 0, 0],
						"0.9583": [7.66551, 0, 0],
						"1.0": [7.5, 0, 0],
						"1.0417": [6.5, 0, 0],
						"1.0833": [7.5, 0, 0],
						"1.125": [6.5, 0, 0],
						"1.1667": [7.5, 0, 0],
						"1.2083": [6.5, 0, 0],
						"1.25": [7.5, 0, 0],
						"1.2917": [6.5, 0, 0],
						"1.3333": [7.5, 0, 0],
						"1.375": [6.5, 0, 0],
						"1.4167": [7.5, 0, 0],
						"1.4583": [6.5, 0, 0],
						"1.5": [7.5, 0, 0],
						"1.5417": [6.5, 0, 0],
						"1.5833": [7.5, 0, 0],
						"1.625": [6.5, 0, 0],
						"1.6667": [7.5, 0, 0],
						"1.7083": [6.5, 0, 0],
						"1.75": [7.5, 0, 0],
						"1.7917": [6.5, 0, 0],
						"1.8333": [7.5, 0, 0],
						"1.875": [6.5, 0, 0],
						"1.9167": [7.5, 0, 0],
						"1.9583": [6.5, 0, 0],
						"2.0": [7.5, 0, 0],
						"2.25": [7.5, 0, 0],
						"2.7917": [9.14915, 0, 0],
						"3.0": [10, 0, 0]
					},
					"position": {
						"0.0": [0, -5, 0],
						"1.2083": [0, -5, 0],
						"1.25": [10, -5, 0],
						"1.2917": [0, -5, 0]
					}
				},
				"bone2": {
					"rotation": [10, 0, 0],
					"position": {
						"0.0": [0, -2, 0],
						"0.375": [0, -2, 0],
						"0.4167": [-10, -2, 0],
						"0.4583": [0, -2, 0],
						"1.2083": [0, -2, 0],
						"1.25": [-10, -2, 0],
						"1.2917": [0, -2, 0]
					}
				},
				"bone3": {
					"rotation": {
						"0.0": [10, 0, 0],
						"0.1667": [10.35993, 0, 0],
						"0.2083": [10.2604, 0, 0],
						"0.25": [10.04295, 0, 0],
						"0.2917": [9.66534, 0, 0],
						"0.3333": [9.05425, 0, 0],
						"0.375": [8.06106, 0, 0],
						"0.4167": [6.32103, 0, 0],
						"0.4583": [3.46739, 0, 0],
						"0.5": [2.5, 0, 0]
					},
					"position": {
						"0.0": [0, -1, 0],
						"0.375": [0, -1, 0],
						"0.4167": [10, -1, 0],
						"0.4583": [0, -1, 0],
						"1.625": [0, -1, 0],
						"1.6667": [10, -1, 0],
						"1.7083": [0, -1, 0]
					}
				},