{
	"format_version": "1.8.0",
	"animations": {
		"animation.giratinashadow.ground_idle": {
			"loop": true,
			"animation_length": 3,
			"bones": {
				"bone": {
					"rotation": {
						"0.0": [10, 0, 0],
						"0.3333": [9.92444, 0, 0],
						"0.875": [6.30237, 0, 0],
						"1.2083": [3.82346, 0, 0],
						"1.3333": [3.41365, 0, 0],
						"1.375": [3.45048, 0, 0],
						"1.4167": [3.64116, 0, 0],
						"1.4583": [4.07967, 0, 0],
						"1.5": [5, 0, 0],
						"1.5417": [5.96802, 0, 0],
						"1.5833": [6.59355, 0, 0],
						"2.125": [9.48932, 0, 0],
						"2.6667": [10.06783, 0, 0],
						"3.0": [10, 0, 0]
					},
					"position": [0, -5, 0]
				},
				"bone2": {
					"rotation": {
						"0.0": [10, 0, 0],
						"0.3333": [9.92444, 0, 0],
						"0.875": [6.30237, 0, 0],
						"1.2083": [3.82346, 0, 0],
						"1.3333": [3.41365, 0, 0],
						"1.375": [3.45048, 0, 0],
						"1.4167": [3.64116, 0, 0],
						"1.4583": [4.07967, 0, 0],
						"1.5": [5, 0, 0],
						"1.5417": [5.96802, 0, 0],
						"1.5833": [6.59355, 0, 0],
						"2.125": [9.48932, 0, 0],
						"2.6667": [10.06783, 0, 0],
						"3.0": [10, 0, 0]
					},
					"position": {
						"0.0": [0, -2, 0],
						"1.5": [0, -1, 0],
						"3.0": [0, -2, 0]
					}
				},
				"bone3": {
					"rotation": {
						"0.0": [10, 0, 0],
						"0.5417": [9.37056, 0, 0],
						"1.0833": [5.65018, 0, 0],
						"1.4167": [2.80671, 0, 0],
						"1.4583": [2.5238, 0, 0],
						"1.5": [2.5, 0, 0],
						"1.5417": [2.86878, 0, 0],
						"2.0833": [4.96704, 0, 0],
						"2.625": [6.59369, 0, 0],
						"2.9583": [7.43951, 0, 0],
						"3.0": [7.5, 0, 0]
					},
					"position": {
						"0.0": [0, -1, 0],
						"1.5": [0, 0, 0],
						"3.0": [0, -1, 0]
					}
				},
				"head": {
					"rotation": {
						"0.0": [7.5, 0, 0],
						"0.5417": [9.73217, 0, 0],
						"1.0833": [12.38763, 0, 0],
						"1.4583": [14.57423, 0, 0],
						"1.5": [15, 0, 0],
						"1.5417": [15.08384, 0, 0],
						"2.0833": [12.49233, 0, 0],
						"2.625": [9.42111, 0, 0],
						"2.9583": [7.63393, 0, 0],
						"3.0": [7.5, 0, 0]
					}
				},
				"bone20": {
					"rotation": {
						"0.0": [0, 0, 10],
						"0.0417": [-0.61363, 0, 10.11996],
						"0.4167": [-8.88704, 0, 11.9737],
						"0.6667": [-13.34315, 0, 13.30371],
						"0.875": [-15.79772, 0, 14.41918],
						"1.0417": [-16.51001, 0, 15.30634],
						"1.0833": [-16.44569, 0, 15.5263],
						"1.125": [-16.25678, 0, 15.74515],
						"1.1667": [-15.9251, 0, 15.96262],
						"1.2083": [-15.4255, 0, 16.17836],
						"1.25": [-14.72389, 0, 16.39191],
						"1.2917": [-13.77435, 0, 16.60261],
						"1.3333": [-12.51002, 0, 16.80944],
						"1.375": [-10.82491, 0, 17.01079],
						"1.4167": [-8.53843, 0, 17.20352],
						"1.4583": [-5.28029, 0, 17.38004],
						"1.5": [0, 0, 17.5],
						"1.5417": [5.28029, 0, 17.38004],
						"1.5833": [8.53843, 0, 17.20352],
						"1.625": [10.82491, 0, 17.01079],
						"1.6667": [12.51002, 0, 16.80944],
						"1.7083": [13.77435, 0, 16.60261],
						"1.75": [14.72389, 0, 16.39191],
						"1.7917": [15.4255, 0, 16.17836],
						"1.8333": [15.9251, 0, 15.96262],
						"1.875": [16.25678, 0, 15.74515],
						"1.9167": [16.44569, 0, 15.5263],
						"1.9583": [16.51001, 0, 15.30634],
						"2.125": [15.79772, 0, 14.41918],
						"2.375": [12.69754, 0, 13.08082],
						"2.9167": [1.49977, 0, 10.29648],
						"2.9583": [0.61363, 0, 10.11996],
						"3.0": [0, 0, 10]
					},
					"position": [0, -5, 0]
				},
				"bone25": {
					"rotation": {
						"0.0": [0, 0, -10],
						"0.0417": [-0.61363, 0, -10.11996],
						"0.4167": [-8.88704, 0, -11.9737],
						"0.6667": [-13.34315, 0, -13.30371],
						"0.875": [-15.79772, 0, -14.41918],
						"1.0417": [-16.51001, 0, -15.30634],
						"1.0833": [-16.44569, 0, -15.5263],
						"1.125": [-16.25678, 0, -15.74515],
						"1.1667": [-15.9251, 0, -15.96262],
						"1.2083": [-15.4255, 0, -16.17836],
						"1.25": [-14.72389, 0, -16.39191],
						"1.2917": [-13.77435, 0, -16.60261],
						"1.3333": [-12.51002, 0, -16.80944],
						"1.375": [-10.82491, 0, -17.01079],
						"1.4167": [-8.53843, 0, -17.20352],
						"1.4583": [-5.28029, 0, -17.38004],
						"1.5": [0, 0, -17.5],
						"1.5417": [5.28029, 0, -17.38004],
						"1.5833": [8.53843, 0, -17.20352],
						"1.625": [10.82491, 0, -17.01079],
						"1.6667": [12.51002, 0, -16.80944],
						"1.7083": [13.77435, 0, -16.60261],
						"1.75": [14.72389, 0, -16.39191],
						"1.7917": [15.4255, 0, -16.17836],
						"1.8333": [15.9251, 0, -15.96262],
						"1.875": [16.25678, 0, -15.74515],
						"1.9167": [16.44569, 0, -15.5263],
						"1.9583": [16.51001, 0, -15.30634],
						"2.125": [15.79772, 0, -14.41918],
						"2.375": [12.69754, 0, -13.08082],
						"2.9167": [1.49977, 0, -10.29648],
						"2.9583": [0.61363, 0, -10.11996],
						"3.0": [0, 0, -10]
					},
					"position": [0, -5, 0]
				}
			}
		},
		"animation.giratinashadow.cry": {
			"loop": true,
			"animation_length": 3,
			"bones": {
				"bone": {
					"rotation": {
						"0.0": [10, 0, 0],
						"0.375": [10.63245, 0, 0],
						"0.9167": [7.96395, 0, 0],
						"0.9583": [7.66551, 0, 0],
						"1.0": [7.5, 0, 0],
						"1.0417": [6.5, 0, 0],
						"1.0833": [7.5, 0, 0],
						"1.125": [6.5, 0, 0],
						"1.1667": [7.5, 0, 0],
						"1.2083": [6.5, 0, 0],
						"1.25": [7.5, 0, 0],
						"1.2917": [6.5, 0, 0],
						"1.3333": [7.5, 0, 0],
						"1.375": [6.5, 0, 0],
						"1.4167": [7.5, 0, 0],
						"1.4583": [6.5, 0, 0],
						"1.5": [7.5, 0, 0],
						"1.5417": [6.5, 0, 0],
						"1.5833": [7.5, 0, 0],
						"1.625": [6.5, 0, 0],
						"1.6667": [7.5, 0, 0],
						"1.7083": [6.5, 0, 0],
						"1.75": [7.5, 0, 0],
						"1.7917": [6.5, 0, 0],
						"1.8333": [7.5, 0, 0],
						"1.875": [6.5, 0, 0],
						"1.9167": [7.5, 0, 0],
						"1.9583": [6.5, 0, 0],
						"2.0": [7.5, 0, 0],
						"2.25": [7.5, 0, 0],
						"2.7917": [9.14915, 0, 0],
						"3.0": [10, 0, 0]
					},
					"position": [0, -5, 0]
				},
				"bone2": {
					"rotation": [10, 0, 0],
					"position": [0, -2, 0]
				},
				"bone3": {
					"rotation": {
						"0.0": [10, 0, 0],
						"0.1667": [10.35993, 0, 0],
						"0.2083": [10.2604, 0, 0],
						"0.25": [10.04295, 0, 0],
						"0.2917": [9.66534, 0, 0],
						"0.3333": [9.05426, 0, 0],
						"0.375": [8.06106, 0, 0],
						"0.4167": [6.32103, 0, 0],
						"0.4583": [3.46739, 0, 0],
						"0.5": [2.5, 0, 0]
					},
					"position": [0, -1, 0]
				},
				"bone4": {
					"rotation": {
						"0.0": [0, 0, 0],
						"0.5": [-7.5, 0, 0],
						"2.0": [-7.5, 0, 0],
						"2.25": [-7.5, 0, 0],
						"3.0": [0, 0, 0]
					}
				},
				"head": {
					"rotation": {
						"0.0": [7.5, 0, 0],
						"0.0417": [7.04494, 0, 0],
						"0.0833": [6.13784, 0, 0],
						"0.125": [5.0321, 0, 0],
						"0.3333": [-1.3193, 0, 0],
						"0.375": [-2.5321, 0, 0],
						"0.4167": [-3.63784, 0, 0],
						"0.4583": [-4.54494, 0, 0],
						"0.5": [-5, 0, 0],
						"1.0": [-5, 0, 0],
						"1.0417": [-5.01445, -1.04412, 0.09429],
						"1.0833": [-5.05753, -4.15625, 0.37532],
						"1.1667": [-5.18377, -13.27505, 1.19878],
						"1.2083": [-5.22685, -16.38718, 1.47981],
						"1.25": [-5.2413, -17.4313, 1.5741],
						"1.2917": [-5.22685, -16.38718, 1.47981],
						"1.3333": [-5.18377, -13.27505, 1.19878],
						"1.4167": [-5.05753, -4.15625, 0.37532],
						"1.4583": [-5.01445, -1.04412, 0.09429],
						"1.5": [-5, 0, 0],
						"1.5417": [-5.01445, 1.04412, 0.09429],
						"1.5833": [-5.05753, 4.15625, 0.37532],
						"1.6667": [-5.18377, 13.27505, 1.19878],
						"1.7083": [-5.22685, 16.38718, 1.47981],
						"1.75": [-5.2413, 17.4313, 1.5741],
						"1.7917": [-5.22685, 16.38718, 1.47981],
						"1.8333": [-5.18377, 13.27505, 1.19878],
						"1.9167": [-5.05753, 4.15625, 0.37532],
						"1.9583": [-5.01445, 1.04412, 0.09429],
						"2.0": [-5, 0, 0],
						"2.25": [-5, 0, 0],
						"2.2917": [-4.66146, 0, 0],
						"2.7917": [4.4132, 0, 0],
						"2.9583": [7.16146, 0, 0],
						"3.0": [7.5, 0, 0]
					}
				},